{
  "CIFAR10": {
    "none": {
      "accuracies": [
        51.49,
        57.39,
        62.68,
        65.58,
        67.24,
        68.11,
        68.4,
        69.22,
        71.84,
        70.56,
        71.94,
        71.8,
        72.56,
        72.64,
        72.24,
        72.46,
        73.36,
        72.32,
        73.34,
        72.47
      ],
      "anti_inversion_ability": 0.0,
      "risk": 1.0,
      "training_time": 1588.0099363327026,
      "final_accuracy": 72.47,
      "convergence_epoch": 8.0,
      "target_epsilon": 8.0,
      "sigma_factor_gaussian": 0.005,
      "sigma_factor_delayed_feedback": 0.005,
      "map_type": "",
      "paper_metrics": {
        "accuracy_variance": 0.21302,
        "avg_epoch_time": 78.054995,
        "best_accuracy": 73.363333,
        "clipping_bound": 4.0,
        "comm_per_round_mb": 3.93615,
        "convergence_epoch": 8.0,
        "dir_alpha": 100.0,
        "final_accuracy": 72.47,
        "final_loss": 0.627224,
        "loss_variance": 0.0001,
        "mean_accuracy": 68.881167,
        "mean_loss": 0.815368,
        "model_params": 343946.0,
        "stability": 0.993659,
        "target_delta": 1e-05,
        "target_epsilon": 8.0,
        "total_comm_mb": 78.722992,
        "training_time": 1561.099898
      },
      "client_metrics": {
        "jain_fairness": 0.999833,
        "max": 73.59,
        "mean": 72.47,
        "min": 71.3,
        "std": 0.935557,
        "worst_client_accuracy": 71.3
      },
      "attack_metrics": {
        "anti_inversion_ability": 0.0,
        "attack_success_rate": 0.0,
        "avg_lpips": 0.281366,
        "avg_mse": 4.550052,
        "avg_psnr": 7.46837,
        "avg_ssim": 0.016038,
        "best_lpips": 0.278329,
        "best_mse": 4.484773,
        "best_psnr": 7.527948,
        "best_ssim": 0.023796,
        "leakage_risk": 1.0,
        "noise_gaussianity": 0.5,
        "noise_structure": 0.0
      }
    },
    "gaussian": {
      "accuracies": [
        50.25,
        57.27,
        61.5,
        63.7,
        63.94,
        64.62,
        67.48,
        66.29,
        66.7,
        68.16,
        68.85,
        69.16,
        69.35,
        69.96,
        70.46,
        70.28,
        70.01,
        70.87,
        70.8,
        71.25
      ],
      "anti_inversion_ability": 0.510215,
      "risk": 0.489785,
      "training_time": 1597.711808681488,
      "final_accuracy": 71.253333,
      "convergence_epoch": 10.0,
      "target_epsilon": 8.0,
      "sigma_factor_gaussian": 0.005,
      "sigma_factor_delayed_feedback": 0.005,
      "map_type": "",
      "paper_metrics": {
        "accuracy_variance": 0.195658,
        "avg_epoch_time": 79.646537,
        "best_accuracy": 71.253333,
        "clipping_bound": 4.0,
        "comm_per_round_mb": 3.93615,
        "convergence_epoch": 10.0,
        "dir_alpha": 100.0,
        "final_accuracy": 71.253333,
        "final_loss": 0.735534,
        "loss_variance": 0.000124,
        "mean_accuracy": 66.5445,
        "mean_loss": 0.932969,
        "model_params": 343946.0,
        "stability": 0.993739,
        "target_delta": 1e-05,
        "target_epsilon": 8.0,
        "total_comm_mb": 78.722992,
        "training_time": 1592.930748
      },
      "client_metrics": {
        "jain_fairness": 0.99999,
        "max": 71.52,
        "mean": 71.253333,
        "min": 70.98,
        "std": 0.220504,
        "worst_client_accuracy": 70.98
      },
      "attack_metrics": {
        "anti_inversion_ability": 0.510215,
        "attack_success_rate": 0.0,
        "avg_lpips": 0.250454,
        "avg_mse": 3.837384,
        "avg_psnr": 8.125864,
        "avg_ssim": 0.02172,
        "best_lpips": 0.247694,
        "best_mse": 3.774863,
        "best_psnr": 8.199645,
        "best_ssim": 0.030228,
        "leakage_risk": 0.489785,
        "noise_gaussianity": 0.903635,
        "noise_structure": 0.129061
      }
    },
    "delayed_feedback": {
      "accuracies": [
        50.89,
        59.85,
        60.7,
        62.53,
        62.36,
        64.87,
        66.27,
        66.47,
        67.89,
        67.94,
        68.79,
        69.44,
        69.63,
        69.52,
        69.35,
        70.51,
        70.88,
        71.57,
        70.68,
        70.33
      ],
      "anti_inversion_ability": 0.53385,
      "risk": 0.46615,
      "training_time": 3326.1435532569885,
      "final_accuracy": 70.333333,
      "convergence_epoch": 9.0,
      "target_epsilon": 8.0,
      "sigma_factor_gaussian": 0.005,
      "sigma_factor_delayed_feedback": 0.005,
      "map_type": "logistic",
      "paper_metrics": {
        "accuracy_variance": 0.182671,
        "avg_epoch_time": 166.075228,
        "best_accuracy": 71.57,
        "clipping_bound": 4.0,
        "comm_per_round_mb": 3.93615,
        "convergence_epoch": 9.0,
        "dir_alpha": 100.0,
        "final_accuracy": 70.333333,
        "final_loss": 0.738467,
        "loss_variance": 0.00017,
        "mean_accuracy": 66.523333,
        "mean_loss": 0.935946,
        "model_params": 343946.0,
        "stability": 0.993963,
        "target_delta": 1e-05,
        "target_epsilon": 8.0,
        "total_comm_mb": 78.722992,
        "training_time": 3321.504557
      },
      "client_metrics": {
        "jain_fairness": 0.999981,
        "max": 70.74,
        "mean": 70.333333,
        "min": 69.99,
        "std": 0.309444,
        "worst_client_accuracy": 69.99
      },
      "attack_metrics": {
        "anti_inversion_ability": 0.53385,
        "attack_success_rate": 0.0,
        "avg_lpips": 0.276459,
        "avg_mse": 4.326016,
        "avg_psnr": 7.622985,
        "avg_ssim": 0.026768,
        "best_lpips": 0.273179,
        "best_mse": 4.267535,
        "best_psnr": 7.685138,
        "best_ssim": 0.036379,
        "leakage_risk": 0.46615,
        "noise_gaussianity": 0.628114,
        "noise_structure": 0.234902
      }
    }
  }
}